LE,SE,Net Profit,Gross Profit,Gross Loss,Total Trades,Pct Profitable,Winning Trades,Losing Trades,Avg Trade,Avg Winning Trade,Avg Losing Trade,Win/Loss Ratio,Max Consecutive Winners,Max Consecutive Losers,Avg Bars in Winner,Avg Bars in Loser,Max Intraday Drawdown,Profit Factor,Return on Account,Custom Fitness Value
5,105,2.8854e+06,2.40664e+07,-2.1181e+07,1877,29.3554,551,1324,1537.24,43677.7,-15997.7,2.73024,5,13,21.9637,9.41088,-1.1342e+06,1.13623,257.533,0
5,110,2.9056e+06,2.3973e+07,-2.10674e+07,1869,29.267,547,1320,1554.63,43826.3,-15960.2,2.74598,5,13,22.0366,9.40606,-1.1134e+06,1.13792,264.242,0
5,115,3.0068e+06,2.39032e+07,-2.08964e+07,1856,29.3103,544,1310,1620.04,43939.7,-15951.5,2.75459,5,13,22.1103,9.44198,-1.1436e+06,1.14389,266.136,0
5,120,3.012e+06,2.3815e+07,-2.0803e+07,1845,29.4309,543,1301,1632.52,43858.2,-15990,2.74285,5,12,22.1308,9.46118,-1.129e+06,1.14479,270.086,0
5,125,3.041e+06,2.37894e+07,-2.07484e+07,1839,29.3094,539,1298,1653.62,44136.2,-15984.9,2.76112,5,12,22.2152,9.46841,-1.1112e+06,1.14657,277.11,0
5,130,3.048e+06,2.37564e+07,-2.07084e+07,1830,29.3989,538,1291,1665.57,44156.9,-16040.6,2.75282,5,12,22.223,9.48335,-1.0914e+06,1.14719,282.851,0
5,135,2.8944e+06,2.3576e+07,-2.06816e+07,1821,29.2696,533,1287,1589.46,44232.6,-16069.6,2.75256,5,17,22.3415,9.50039,-1.0902e+06,1.13995,268.896,0
5,140,2.8988e+06,2.35486e+07,-2.06498e+07,1816,29.2401,531,1284,1596.26,44347.6,-16082.4,2.75753,5,17,22.3766,9.50779,-1.099e+06,1.14038,267.121,0
5,145,2.8998e+06,2.35162e+07,-2.06164e+07,1811,29.2656,530,1280,1601.21,44370.2,-16106.6,2.75479,5,17,22.3698,9.49922,-1.1018e+06,1.14066,266.526,0
5,150,2.9934e+06,2.34744e+07,-2.0481e+07,1802,29.3008,528,1273,1661.15,44459.1,-16088.8,2.76336,5,16,22.4167,9.53024,-1.107e+06,1.14615,273.82,0
5,155,3.0336e+06,2.34362e+07,-2.04026e+07,1795,29.3036,526,1268,1690.03,44555.5,-16090.4,2.76908,5,16,22.4468,9.54416,-1.0778e+06,1.14869,285.757,0
5,160,3.0926e+06,2.34256e+07,-2.0333e+07,1790,29.3296,525,1264,1727.71,44620.2,-16086.2,2.77381,5,16,22.461,9.56566,-1.0598e+06,1.1521,296.34,0
5,165,3.212e+06,2.34288e+07,-2.02168e+07,1782,29.4052,524,1257,1802.47,44711.5,-16083.4,2.77998,5,16,22.4866,9.59666,-1.0304e+06,1.15888,316.703,0
5,170,3.198e+06,2.33856e+07,-2.01876e+07,1778,29.3588,522,1255,1798.65,44800,-16085.7,2.78508,5,16,22.5383,9.61036,-1.0424e+06,1.15841,310.908,0
5,175,3.0874e+06,2.33082e+07,-2.02208e+07,1774,29.3123,520,1253,1740.36,44823.5,-16137.9,2.77753,5,16,22.5942,9.60495,-1.0498e+06,1.15268,298.012,0
5,180,3.1514e+06,2.32704e+07,-2.0119e+07,1768,29.4118,520,1247,1782.47,44750.8,-16133.9,2.77371,5,16,22.6019,9.62229,-1.0374e+06,1.15664,307.874,0
5,185,3.1846e+06,2.32636e+07,-2.0079e+07,1765,29.4051,519,1245,1804.31,44823.9,-16127.7,2.77931,5,16,22.6166,9.63534,-1.0362e+06,1.1586,314.311,0
5,190,3.1414e+06,2.32222e+07,-2.00808e+07,1763,29.325,517,1245,1781.85,44917.2,-16129.2,2.78485,5,16,22.6576,9.63695,-1.0362e+06,1.15644,309.132,0
5,195,3.1326e+06,2.32196e+07,-2.0087e+07,1761,29.3583,517,1243,1778.88,44912.2,-16160.1,2.7792,5,16,22.6441,9.64602,-1.0362e+06,1.15595,308.266,0
5,200,3.114e+06,2.31762e+07,-2.00622e+07,1758,29.4084,517,1240,1771.33,44828.2,-16179.2,2.77073,5,16,22.6306,9.64919,-1.0484e+06,1.15522,300.986,0
10,105,2.5552e+06,2.05036e+07,-1.79484e+07,1559,29.1854,455,1103,1639,45062.9,-16272.3,2.76929,5,14,22.4747,9.83953,-638200,1.14236,424.875,0
10,110,2.4362e+06,2.03532e+07,-1.7917e+07,1553,29.0406,451,1101,1568.71,45129,-16273.4,2.77318,5,14,22.49,9.82834,-640600,1.13597,402.146,0
10,115,2.5634e+06,2.0279e+07,-1.77156e+07,1540,29.2208,450,1089,1664.55,45064.4,-16267.8,2.77017,5,14,22.5556,9.85583,-647800,1.1447,419.542,0
10,120,2.5422e+06,2.01974e+07,-1.76552e+07,1532,29.2428,448,1083,1659.4,45083.5,-16302.1,2.7655,5,14,22.5915,9.8024,-671800,1.14399,399.089,0
10,125,2.5764e+06,2.01824e+07,-1.7606e+07,1527,29.1421,445,1081,1687.23,45353.7,-16286.8,2.7847,5,14,22.6135,9.80481,-662800,1.14634,410.255,0
10,130,2.5772e+06,2.01004e+07,-1.75232e+07,1519,29.2956,445,1073,1696.64,45169.4,-16331,2.76587,5,14,22.5843,9.81454,-681800,1.14707,398.331,0
10,135,2.434e+06,1.9908e+07,-1.7474e+07,1510,29.2715,442,1067,1611.92,45040.7,-16376.8,2.75028,5,15,22.69,9.82381,-653400,1.13929,393.469,0
10,140,2.4752e+06,1.9885e+07,-1.74098e+07,1505,29.3688,442,1063,1644.65,44988.7,-16378,2.7469,5,15,22.6697,9.83067,-632600,1.14217,415.441,0
10,145,2.4752e+06,1.98254e+07,-1.73502e+07,1502,29.3609,441,1061,1647.94,44955.6,-16352.7,2.74912,5,15,22.6168,9.8049,-635400,1.14266,413.498,0
10,150,2.5474e+06,1.97896e+07,-1.72422e+07,1496,29.4118,440,1056,1702.81,44976.4,-16327.8,2.75458,5,14,22.625,9.81439,-666800,1.14774,404.349,0
10,155,2.6196e+06,1.97716e+07,-1.7152e+07,1489,29.4829,439,1050,1759.3,45037.8,-16335.2,2.7571,5,14,22.631,9.82857,-650200,1.15273,427.062,0
10,160,2.6852e+06,1.97662e+07,-1.7081e+07,1484,29.5148,438,1046,1809.43,45128.3,-16329.8,2.76355,5,14,22.6484,9.85564,-632200,1.1572,450.991,0
10,165,2.8236e+06,1.97724e+07,-1.69488e+07,1476,29.607,437,1039,1913.01,45245.8,-16312.6,2.77367,5,14,22.6728,9.89702,-595600,1.1666,502.778,0
10,170,2.8086e+06,1.9726e+07,-1.69174e+07,1472,29.6875,437,1035,1908.02,45139.6,-16345.3,2.76162,5,14,22.6751,9.91594,-602200,1.16602,496.746,0
10,175,2.6512e+06,1.95976e+07,-1.69464e+07,1469,29.612,435,1034,1804.77,45052,-16389.2,2.74889,5,14,22.6644,9.89942,-670400,1.15645,399.518,0
10,180,2.7122e+06,1.9561e+07,-1.68488e+07,1464,29.7131,435,1029,1852.6,44967.8,-16374,2.7463,5,14,22.6805,9.90476,-670400,1.16097,408.71,0
10,185,2.7374e+06,1.95378e+07,-1.68004e+07,1461,29.7741,435,1026,1873.65,44914.5,-16374.7,2.74293,5,14,22.6828,9.91228,-670400,1.16294,412.508,0
10,190,2.7096e+06,1.95114e+07,-1.68018e+07,1459,29.6779,433,1026,1857.16,45061,-16376,2.75164,5,14,22.7206,9.91813,-670400,1.16127,408.318,0
10,195,2.7054e+06,1.95102e+07,-1.68048e+07,1457,29.7186,433,1024,1856.83,45058.2,-16410.9,2.74562,5,14,22.7113,9.92188,-670400,1.16099,407.685,0
10,200,2.6962e+06,1.94714e+07,-1.67752e+07,1454,29.7111,432,1022,1854.33,45072.7,-16414.1,2.74598,5,14,22.7176,9.92857,-670400,1.16073,406.299,0
15,105,967400,1.78298e+07,-1.68624e+07,1393,28.4279,396,996,694.472,45024.7,-16930.1,2.65945,4,16,22.5631,10.258,-977200,1.05737,105.727,0
15,110,806200,1.76862e+07,-1.688e+07,1388,28.2421,392,995,580.836,45117.9,-16964.8,2.65949,4,16,22.5765,10.2251,-1.014e+06,1.04776,84.5251,0
15,115,901800,1.7608e+07,-1.67062e+07,1377,28.4677,392,984,654.902,44918.4,-16977.8,2.6457,4,16,22.6378,10.2063,-1.0166e+06,1.05398,94.2911,0
15,120,873800,1.7529e+07,-1.66552e+07,1370,28.5401,391,978,637.81,44831.2,-17029.9,2.63251,4,16,22.6752,10.1166,-1.043e+06,1.05246,90.3806,0
15,125,916600,1.75174e+07,-1.66008e+07,1366,28.4773,389,976,671.01,45031.9,-17009,2.64753,4,16,22.6838,10.1025,-1.0324e+06,1.05521,95.8586,0
15,130,911800,1.74262e+07,-1.65144e+07,1359,28.624,389,969,670.935,44797.4,-17042.7,2.62854,4,16,22.6504,10.1001,-1.0408e+06,1.05521,94.5262,0
15,135,858600,1.7305e+07,-1.64464e+07,1349,28.8362,389,959,636.471,44485.9,-17149.5,2.594,4,16,22.7352,10.0615,-1.0092e+06,1.05221,92.0257,0
15,140,927600,1.72976e+07,-1.637e+07,1344,28.7202,386,957,690.179,44812.4,-17105.5,2.61976,4,16,22.7228,10.0951,-963400,1.05666,104.554,0
15,145,987600,1.72602e+07,-1.62726e+07,1341,28.7099,385,955,736.465,44831.7,-17039.4,2.63106,4,16,22.6935,10.0796,-938800,1.06069,114.491,0
15,150,1.0668e+06,1.72022e+07,-1.61354e+07,1334,28.7856,384,949,799.7,44797.4,-17002.5,2.63475,4,15,22.737,10.0991,-921200,1.06612,131.024,0
15,155,1.1662e+06,1.7193e+07,-1.60268e+07,1327,28.9375,384,942,878.824,44773.4,-17013.6,2.63163,4,15,22.7318,10.0913,-926600,1.07277,142.289,0
15,160,1.242e+06,1.71928e+07,-1.59508e+07,1322,28.9713,383,938,939.486,44889.8,-17005.1,2.63978,4,15,22.7467,10.1247,-926600,1.07786,151.537,0
15,165,1.384e+06,1.72022e+07,-1.58182e+07,1314,29.1476,383,930,1053.27,44914.4,-17008.8,2.64065,4,15,22.7728,10.1602,-891000,1.08749,176.982,0
15,170,1.3804e+06,1.71502e+07,-1.57698e+07,1310,29.2366,383,926,1053.74,44778.6,-17030,2.62939,4,15,22.7781,10.1793,-896000,1.08753,175.534,0
15,175,1.2162e+06,1.7031e+07,-1.58148e+07,1307,29.0742,380,926,930.528,44818.4,-17078.6,2.62424,4,15,22.7684,10.1739,-920400,1.0769,148.643,0
15,180,1.2744e+06,1.69716e+07,-1.56972e+07,1302,29.1091,379,922,978.802,44779.9,-17025.2,2.63022,4,15,22.7995,10.1898,-920400,1.08119,155.757,0
15,185,1.2968e+06,1.69416e+07,-1.56448e+07,1299,29.1763,379,919,998.306,44700.8,-17023.7,2.62579,4,15,22.8127,10.197,-920400,1.08289,158.494,0
15,190,1.208e+06,1.69128e+07,-1.57048e+07,1298,29.1217,378,919,930.663,44742.9,-17089,2.61822,4,15,22.791,10.1708,-908800,1.07692,141.551,0
15,195,1.2432e+06,1.69126e+07,-1.56694e+07,1296,29.1667,378,917,959.259,44742.3,-17087.7,2.6184,4,15,22.791,10.1647,-908800,1.07934,145.676,0
15,200,1.2504e+06,1.6887e+07,-1.56366e+07,1293,29.157,377,915,967.053,44793.1,-17089.2,2.62114,4,15,22.7905,10.1749,-908800,1.07997,146.52,0
20,105,1.3638e+06,1.6075e+07,-1.47112e+07,1214,27.5947,335,878,1123.39,47985.1,-16755.4,2.86387,4,15,23.5433,10.7927,-638000,1.0927,218.208,0
20,110,1.2316e+06,1.59468e+07,-1.47152e+07,1209,27.4607,332,876,1018.69,48032.5,-16798.2,2.85939,4,15,23.5572,10.7454,-633400,1.0837,199.417,0
20,115,1.358e+06,1.58912e+07,-1.45332e+07,1198,27.7129,332,865,1133.56,47865.1,-16801.4,2.84888,4,15,23.6777,10.696,-640000,1.09344,217.558,0
20,120,1.2452e+06,1.57316e+07,-1.44864e+07,1191,27.6238,329,861,1045.51,47816.4,-16825.1,2.84197,4,14,23.693,10.6702,-640000,1.08596,199.487,0
20,125,1.2466e+06,1.56772e+07,-1.44306e+07,1188,27.6094,328,859,1049.33,47796.3,-16799.3,2.84514,4,14,23.5244,10.6659,-640000,1.08639,199.712,0
20,130,1.2424e+06,1.5586e+07,-1.43436e+07,1181,27.6037,326,854,1051.99,47809.8,-16795.8,2.84654,4,14,23.5,10.7026,-615000,1.08662,207.343,0
20,135,1.179e+06,1.5444e+07,-1.4265e+07,1171,27.6687,324,846,1006.83,47666.7,-16861.7,2.82692,4,14,23.6296,10.7092,-616000,1.08265,196.435,0
20,140,1.2532e+06,1.54426e+07,-1.41894e+07,1166,27.7015,323,842,1074.79,47809.9,-16852,2.83704,4,14,23.613,10.7138,-624800,1.08832,205.78,0
20,145,1.3172e+06,1.54052e+07,-1.4088e+07,1163,27.687,322,840,1132.59,47842.2,-16771.4,2.8526,4,14,23.5807,10.6976,-627600,1.0935,215.299,0
20,150,1.1838e+06,1.52046e+07,-1.40208e+07,1158,27.7202,321,836,1022.28,47366.4,-16771.3,2.82425,4,14,23.567,10.7069,-652200,1.08443,186.015,0
20,155,1.2946e+06,1.52046e+07,-1.391e+07,1151,27.8888,321,829,1124.76,47366.4,-16779.3,2.82291,4,14,23.567,10.6852,-635600,1.09307,208.874,0
20,160,1.3716e+06,1.52046e+07,-1.3833e+07,1146,28.0105,321,824,1196.86,47366.4,-16787.6,2.8215,4,14,23.567,10.7184,-617600,1.09915,227.916,0
20,165,1.5172e+06,1.5214e+07,-1.36968e+07,1138,28.2074,321,816,1333.22,47395.6,-16785.3,2.82364,4,14,23.5981,10.7451,-577400,1.11077,270.157,0
20,170,1.5182e+06,1.51616e+07,-1.36434e+07,1134,28.3069,321,812,1338.8,47232.4,-16802.2,2.81108,4,14,23.6044,10.7685,-584000,1.11128,267.195,0
20,175,1.4002e+06,1.50772e+07,-1.3677e+07,1131,28.2051,319,811,1238.02,47263.9,-16864.4,2.80259,4,14,23.5737,10.7398,-590800,1.10238,243.513,0
20,180,1.4566e+06,1.50034e+07,-1.35468e+07,1126,28.2416,318,807,1293.61,47180.5,-16786.6,2.8106,4,14,23.6635,10.7608,-569600,1.10752,266.679,0
20,185,1.4434e+06,1.49378e+07,-1.34944e+07,1123,28.317,318,804,1285.31,46974.2,-16784.1,2.79874,4,14,23.6855,10.7711,-569600,1.10696,269.392,0
20,190,1.3876e+06,1.49174e+07,-1.35298e+07,1122,28.3422,318,803,1236.72,46910.1,-16849.1,2.78413,4,14,23.6415,10.7298,-569600,1.10256,257.535,0
20,195,1.4772e+06,1.49508e+07,-1.34736e+07,1119,28.5076,319,799,1320.11,46867.7,-16863.1,2.77931,4,14,23.6301,10.7259,-569600,1.10964,274.165,0
20,200,1.4884e+06,1.49408e+07,-1.34524e+07,1116,28.405,317,798,1333.69,47131.9,-16857.6,2.79587,4,14,23.5868,10.7707,-573000,1.11064,267.121,0
25,105,1.6274e+06,1.53716e+07,-1.37442e+07,1128,27.6596,312,815,1442.73,49267.9,-16864,2.92148,4,15,23.6442,10.8221,-623400,1.11841,278.093,0
25,110,1.4592e+06,1.52082e+07,-1.3749e+07,1124,27.4911,309,814,1298.22,49217.5,-16890.7,2.91389,4,15,23.5825,10.7948,-676800,1.10613,234.372,0
25,115,1.5386e+06,1.50964e+07,-1.35578e+07,1112,27.6079,307,804,1383.63,49173.9,-16862.9,2.9161,4,15,23.6091,10.8047,-639600,1.11348,262.829,0
25,120,1.4282e+06,1.4948e+07,-1.35198e+07,1105,27.6018,305,799,1292.49,49009.8,-16920.9,2.89641,4,14,23.6295,10.7597,-639600,1.10564,240.195,0
25,125,1.4478e+06,1.48916e+07,-1.34438e+07,1102,27.5862,304,797,1313.79,48985.5,-16868,2.90405,4,14,23.4605,10.7503,-639600,1.10769,247.318,0
25,130,1.4434e+06,1.48084e+07,-1.3365e+07,1095,27.6712,303,791,1318.17,48872.6,-16896.3,2.8925,4,14,23.429,10.7712,-639600,1.108,246.566,0
25,135,1.4e+06,1.46664e+07,-1.32664e+07,1085,27.7419,301,783,1290.32,48725.6,-16943,2.87585,4,14,23.5681,10.7765,-646400,1.10553,236.407,0
25,140,1.4828e+06,1.46652e+07,-1.31824e+07,1080,27.7778,300,779,1372.96,48884,-16922.2,2.88875,4,15,23.4567,10.8177,-658600,1.11248,245.334,0
25,145,1.4198e+06,1.45462e+07,-1.31264e+07,1078,27.6438,298,779,1317.07,48812.8,-16850.3,2.89684,4,15,23.3557,10.828,-657400,1.10816,235.378,0
25,150,1.27e+06,1.4342e+07,-1.3072e+07,1074,27.5605,296,777,1182.5,48452.7,-16823.7,2.88003,4,18,23.3412,10.8147,-663800,1.09715,208.333,0
25,155,1.386e+06,1.4342e+07,-1.2956e+07,1067,27.7413,296,770,1298.97,48452.7,-16826,2.87964,4,18,23.3412,10.7922,-626400,1.10698,235.634,0
25,160,1.463e+06,1.4342e+07,-1.2879e+07,1062,27.8719,296,765,1377.59,48452.7,-16835.3,2.87804,4,16,23.3412,10.8288,-619400,1.1136,256.577,0
25,165,1.6086e+06,1.43514e+07,-1.27428e+07,1054,28.0835,296,757,1526.19,48484.5,-16833.3,2.88027,4,15,23.375,10.8587,-619400,1.12624,284.607,0
25,170,1.6596e+06,1.4349e+07,-1.26894e+07,1050,28.1905,296,753,1580.57,48476.4,-16851.8,2.87663,4,15,23.4122,10.8831,-619400,1.13079,293.631,0
25,175,1.6246e+06,1.43416e+07,-1.2717e+07,1046,28.2027,295,750,1553.15,48615.6,-16956,2.86716,4,15,23.522,10.804,-619400,1.12775,287.438,0
25,180,1.6836e+06,1.42678e+07,-1.25842e+07,1041,28.2421,294,746,1617.29,48529.9,-16868.9,2.87689,4,15,23.619,10.8271,-619400,1.13379,297.877,0
25,185,1.6452e+06,1.41846e+07,-1.25394e+07,1038,28.2274,293,744,1584.97,48411.6,-16854,2.8724,4,14,23.6451,10.879,-624800,1.1312,288.328,0
25,190,1.5894e+06,1.4177e+07,-1.25876e+07,1037,28.2546,293,743,1532.69,48385.7,-16941.6,2.85603,4,14,23.6007,10.8331,-624800,1.12627,278.549,0
25,195,1.68e+06,1.42106e+07,-1.25306e+07,1034,28.4333,294,739,1624.76,48335.4,-16956.2,2.85061,4,14,23.5748,10.8349,-624800,1.13407,294.427,0
25,200,1.6314e+06,1.41498e+07,-1.25184e+07,1032,28.2946,292,739,1580.81,48458.2,-16939.6,2.86064,4,14,23.3801,10.8904,-628000,1.13032,284.315,0
30,105,1.7954e+06,1.4896e+07,-1.31006e+07,1073,27.959,300,773,1673.25,49653.3,-16947.7,2.92979,4,13,24.0767,10.6818,-628400,1.13705,294.521,0
30,110,1.6416e+06,1.47378e+07,-1.30962e+07,1069,27.6894,296,773,1535.64,49789.9,-16942,2.93883,4,13,23.8885,10.7141,-690800,1.12535,259.829,0
30,115,1.7134e+06,1.46224e+07,-1.2909e+07,1057,27.8146,294,763,1621,49736.1,-16918.7,2.9397,4,13,23.915,10.7235,-653600,1.13273,271.279,0
30,120,1.6058e+06,1.4474e+07,-1.28682e+07,1050,27.8095,292,758,1529.33,49568.5,-16976.5,2.91983,4,13,23.9384,10.6689,-663200,1.12479,248.422,0
30,125,1.6384e+06,1.44368e+07,-1.27984e+07,1047,27.7937,291,756,1564.85,49611,-16929.1,2.93052,4,12,23.8007,10.6574,-653600,1.12802,261.475,0
30,130,1.6562e+06,1.43536e+07,-1.26974e+07,1039,27.9115,290,749,1594.03,49495.2,-16952.5,2.91964,4,12,23.769,10.6622,-653600,1.13044,261.395,0
30,135,1.609e+06,1.42116e+07,-1.26026e+07,1029,27.9883,288,741,1563.65,49345.8,-17007.6,2.90141,4,12,23.9167,10.668,-660400,1.12767,267.542,0
30,140,1.6918e+06,1.42114e+07,-1.25196e+07,1024,28.0273,287,737,1652.15,49517.1,-16987.2,2.91496,4,12,23.8014,10.711,-672600,1.13513,275.717,0
30,145,1.6288e+06,1.40924e+07,-1.24636e+07,1022,27.8865,285,737,1593.74,49447,-16911.3,2.92391,4,12,23.6982,10.7218,-671400,1.13068,265.97,0
30,150,1.4846e+06,1.38882e+07,-1.24036e+07,1018,27.7996,283,735,1458.35,49074.9,-16875.6,2.90803,4,12,23.6855,10.7211,-667600,1.11969,243.937,0
30,155,1.5858e+06,1.38882e+07,-1.23024e+07,1012,27.9644,283,729,1567,49074.9,-16875.7,2.90802,4,12,23.6855,10.6735,-618600,1.1289,282.875,0
30,160,1.6628e+06,1.38882e+07,-1.22254e+07,1007,28.1033,283,724,1651.24,49074.9,-16885.9,2.90626,4,12,23.6855,10.7113,-618600,1.13601,296.611,0
30,165,1.8084e+06,1.38976e+07,-1.20892e+07,999,28.3283,283,716,1810.21,49108.1,-16884.4,2.9085,4,12,23.7208,10.7416,-618600,1.14959,322.583,0
30,170,1.8594e+06,1.38952e+07,-1.20358e+07,995,28.4422,283,712,1868.74,49099.6,-16904.2,2.90458,4,12,23.7597,10.7669,-618600,1.15449,331.68,0
30,175,1.8356e+06,1.38946e+07,-1.2059e+07,991,28.4561,282,709,1852.27,49271.6,-17008.5,2.89689,4,13,23.844,10.6827,-618600,1.15222,314.962,0
30,180,1.8726e+06,1.38208e+07,-1.19482e+07,986,28.499,281,705,1899.19,49184.3,-16947.8,2.90211,4,13,23.9466,10.705,-618600,1.15673,321.311,0
30,185,1.8342e+06,1.37376e+07,-1.19034e+07,983,28.4842,280,703,1865.92,49062.9,-16932.3,2.89759,4,13,23.975,10.7596,-624000,1.15409,314.722,0
30,190,1.7784e+06,1.373e+07,-1.19516e+07,982,28.5132,280,702,1811,49035.7,-17025.1,2.88021,4,13,23.9286,10.7108,-624000,1.1488,305.148,0
30,195,1.869e+06,1.37636e+07,-1.18946e+07,979,28.7028,281,698,1909.09,48980.8,-17041,2.87429,4,13,23.9004,10.712,-624000,1.15713,320.693,0
30,200,1.8162e+06,1.37028e+07,-1.18866e+07,977,28.5568,279,698,1858.96,49114,-17029.5,2.88405,4,13,23.6989,10.7708,-627200,1.15279,311.633,0
35,105,2.2768e+06,1.4648e+07,-1.23712e+07,1008,28.5714,288,720,2258.73,50861.1,-17182.2,2.9601,4,12,24.9549,10.725,-626200,1.18404,401.41,0
35,110,2.1304e+06,1.4485e+07,-1.23546e+07,1004,28.3865,285,719,2121.91,50824.6,-17183,2.95783,4,12,24.8246,10.7204,-733600,1.17244,315.802,0
35,115,2.1442e+06,1.43076e+07,-1.21634e+07,992,28.5282,283,709,2161.49,50556.9,-17155.7,2.94694,4,12,24.8269,10.763,-696400,1.17628,336.398,0
35,120,2.0366e+06,1.41592e+07,-1.21226e+07,985,28.5279,281,704,2067.61,50388.6,-17219.6,2.92624,4,13,24.8577,10.7045,-696400,1.168,319.517,0
35,125,2.0692e+06,1.4122e+07,-1.20528e+07,982,28.5132,280,702,2107.13,50435.7,-17169.2,2.93756,4,12,24.7179,10.6923,-696400,1.17168,324.631,0
35,130,2.087e+06,1.40388e+07,-1.19518e+07,974,28.6448,279,695,2142.71,50318.3,-17196.8,2.92602,4,12,24.6882,10.6978,-696400,1.17462,327.424,0
35,135,2.0334e+06,1.38968e+07,-1.18634e+07,964,28.7344,277,687,2109.34,50169,-17268.4,2.90524,4,12,24.8484,10.7132,-701200,1.1714,316.63,0
35,140,2.1162e+06,1.38966e+07,-1.17804e+07,959,28.78,276,683,2206.67,50350,-17248,2.91918,4,12,24.7319,10.7599,-713400,1.17964,323.38,0
35,145,2.0532e+06,1.37776e+07,-1.17244e+07,957,28.6311,274,683,2145.45,50283.2,-17166,2.92923,4,12,24.6314,10.7716,-712200,1.17512,314.329,0
35,150,1.9124e+06,1.35734e+07,-1.1661e+07,953,28.5414,272,681,2006.72,49902.2,-17123.3,2.91428,4,12,24.625,10.7709,-705000,1.164,296.037,0
35,155,2.0192e+06,1.35734e+07,-1.15542e+07,947,28.7223,272,675,2132.21,49902.2,-17117.3,2.9153,4,12,24.625,10.7111,-656000,1.17476,338.224,0
35,160,2.097e+06,1.35734e+07,-1.14764e+07,942,28.8747,272,670,2226.11,49902.2,-17129,2.91332,4,12,24.625,10.7522,-656000,1.18272,351.256,0
35,165,2.2444e+06,1.35828e+07,-1.13384e+07,934,29.1221,272,662,2403,49936.8,-17127.5,2.91559,4,12,24.6618,10.7855,-656000,1.19795,375.946,0
35,170,2.2954e+06,1.35804e+07,-1.1285e+07,930,29.2473,272,658,2468.17,49927.9,-17150.5,2.91117,4,12,24.7022,10.8131,-656000,1.2034,384.489,0
35,175,2.2738e+06,1.35798e+07,-1.1306e+07,926,29.2657,271,655,2455.51,50110,-17261.1,2.90306,4,12,24.7934,10.7221,-656000,1.20111,380.871,0
35,180,2.309e+06,1.35042e+07,-1.11952e+07,921,29.316,270,651,2507.06,50015.6,-17196.9,2.9084,4,12,24.9037,10.7465,-656000,1.20625,386.767,0
35,185,2.2706e+06,1.3421e+07,-1.11504e+07,918,29.3028,269,649,2473.42,49892.2,-17180.9,2.90393,4,12,24.9368,10.8059,-661400,1.20363,376.926,0
35,190,2.2148e+06,1.34134e+07,-1.11986e+07,917,29.3348,269,648,2415.27,49863.9,-17281.8,2.88535,4,12,24.8885,10.7531,-661400,1.19777,367.663,0
35,195,2.3054e+06,1.3447e+07,-1.11416e+07,914,29.5405,270,644,2522.32,49803.7,-17300.6,2.87872,4,12,24.8556,10.7547,-661400,1.20692,382.703,0
35,200,2.2504e+06,1.3388e+07,-1.11376e+07,912,29.386,268,644,2467.54,49955.2,-17294.4,2.88852,4,12,24.653,10.8183,-664600,1.20205,371.598,0
40,105,1.8836e+06,1.3348e+07,-1.14644e+07,933,28.0815,262,671,2018.86,50946.6,-17085.5,2.98185,4,12,25.9618,11.4098,-653800,1.1643,316.678,0
40,110,1.7248e+06,1.31866e+07,-1.14618e+07,929,27.8794,259,670,1856.62,50913.5,-17107.2,2.97615,4,17,25.8378,11.391,-761200,1.15048,245.628,0
40,115,1.7228e+06,1.30092e+07,-1.12864e+07,917,28.0262,257,660,1878.74,50619.5,-17100.6,2.9601,4,17,25.8482,11.4485,-724000,1.15264,259.068,0
40,120,1.6084e+06,1.28608e+07,-1.12524e+07,911,27.9912,255,656,1765.53,50434.5,-17153,2.94027,4,17,25.8902,11.3521,-724000,1.14294,241.865,0
40,125,1.641e+06,1.28236e+07,-1.11826e+07,908,27.9736,254,654,1807.27,50486.6,-17098.8,2.95264,4,17,25.7402,11.341,-724000,1.14675,246.767,0
40,130,1.6588e+06,1.27404e+07,-1.10816e+07,900,28.1111,253,647,1843.11,50357.3,-17127.7,2.94012,4,17,25.7115,11.3539,-724000,1.14969,249.444,0
40,135,1.5964e+06,1.25984e+07,-1.1002e+07,890,28.2022,251,639,1793.71,50192.8,-17217.5,2.91522,4,17,25.8964,11.3787,-728800,1.1451,238.34,0
40,140,1.6792e+06,1.25982e+07,-1.0919e+07,885,28.2486,250,635,1897.4,50392.8,-17195.3,2.93062,4,17,25.772,11.4331,-741000,1.15379,246.217,0
40,145,1.6144e+06,1.24792e+07,-1.08648e+07,883,28.0861,248,635,1828.31,50319.4,-17109.9,2.94095,4,17,25.6694,11.4457,-739800,1.14859,237.133,0
40,150,1.4704e+06,1.2275e+07,-1.08046e+07,879,27.9863,246,633,1672.81,49898.4,-17068.9,2.92335,4,17,25.6707,11.4471,-732600,1.13609,218.29,0
40,155,1.5878e+06,1.2275e+07,-1.06872e+07,873,28.1787,246,627,1818.79,49898.4,-17045,2.92745,4,16,25.6707,11.3892,-683600,1.14857,254.211,0
40,160,1.6656e+06,1.2275e+07,-1.06094e+07,868,28.341,246,622,1918.89,49898.4,-17056.9,2.9254,4,16,25.6707,11.4389,-683600,1.15699,266.667,0
40,165,1.8144e+06,1.22844e+07,-1.047e+07,860,28.6047,246,614,2109.77,49936.6,-17052.1,2.92847,4,16,25.7114,11.4837,-683600,1.1733,290.49,0
40,170,1.8654e+06,1.2282e+07,-1.04166e+07,856,28.7383,246,610,2179.21,49926.8,-17076.4,2.92373,4,16,25.7561,11.518,-683600,1.17908,298.655,0
40,175,1.8732e+06,1.22888e+07,-1.04156e+07,852,28.8732,246,606,2198.59,49954.5,-17187.5,2.90645,4,16,25.9146,11.3432,-683600,1.17985,299.904,0
40,180,2.006e+06,1.23184e+07,-1.03124e+07,847,28.9256,245,602,2368.36,50279.2,-17130.2,2.93511,4,16,26.0612,11.3671,-683600,1.19452,321.166,0
40,185,1.9668e+06,1.22352e+07,-1.02684e+07,844,28.91,244,600,2330.33,50144.3,-17114,2.93001,4,16,26.1025,11.4333,-689000,1.19154,312.19,0
40,190,1.9128e+06,1.22276e+07,-1.03148e+07,843,28.9442,244,599,2269.04,50113.1,-17220,2.91016,4,16,26.0492,11.3773,-689000,1.18544,303.619,0
40,195,2.0034e+06,1.22612e+07,-1.02578e+07,840,29.1667,245,595,2385,50045.7,-17240,2.90288,4,16,26.0082,11.3832,-689000,1.19531,318,0
40,200,1.8446e+06,1.2097e+07,-1.02524e+07,838,28.9976,243,595,2201.19,49781.9,-17230.9,2.8891,4,16,25.7737,11.4639,-692200,1.17992,291.314,0
45,105,1.2068e+06,1.26714e+07,-1.14646e+07,918,27.1242,249,669,1314.6,50889.2,-17136.9,2.96956,4,14,25.5783,11.6517,-683600,1.10526,208.861,0
45,110,1.052e+06,1.251e+07,-1.1458e+07,914,26.9147,246,668,1150.98,50853.7,-17152.7,2.96476,4,17,25.4431,11.6317,-789800,1.09181,153.532,0
45,115,1.052e+06,1.23326e+07,-1.12806e+07,902,27.051,244,658,1166.3,50543.4,-17143.8,2.94821,4,17,25.4508,11.6535,-725600,1.09326,162.346,0
45,120,937600,1.21842e+07,-1.12466e+07,896,27.0089,242,654,1046.43,50347.9,-17196.6,2.92778,4,17,25.4917,11.5581,-739800,1.08337,144.691,0
45,125,970200,1.2147e+07,-1.11768e+07,893,26.9877,241,652,1086.45,50402.5,-17142.3,2.94024,4,17,25.332,11.5475,-714400,1.0868,149.722,0
45,130,988000,1.20638e+07,-1.10758e+07,885,27.1186,240,645,1116.38,50265.8,-17171.8,2.92723,4,17,25.3,11.5628,-770800,1.0892,152.469,0
45,135,928000,1.19218e+07,-1.09938e+07,875,27.2,238,637,1060.57,50091.6,-17258.7,2.90239,4,17,25.4916,11.5903,-785000,1.08441,142.157,0
45,140,1.0108e+06,1.19216e+07,-1.09108e+07,870,27.2414,237,633,1161.84,50302.1,-17236.7,2.91832,4,17,25.3586,11.6461,-731800,1.09264,152,0
45,145,943600,1.18026e+07,-1.0859e+07,868,27.0737,235,633,1087.1,50223.8,-17154.8,2.92768,4,17,25.2468,11.6588,-709000,1.0869,142.151,0
45,150,799600,1.15984e+07,-1.07988e+07,864,26.9676,233,631,925.463,49778.5,-17113.8,2.90868,4,17,25.2446,11.6609,-877000,1.07405,121.779,0
45,155,917000,1.15984e+07,-1.06814e+07,858,27.1562,233,625,1068.76,49778.5,-17090.2,2.91269,4,16,25.2446,11.6048,-851400,1.08585,146.112,0
45,160,994800,1.15984e+07,-1.06036e+07,853,27.3154,233,620,1166.24,49778.5,-17102.6,2.91059,4,16,25.2446,11.6565,-851400,1.09382,158.509,0
45,165,1.1436e+06,1.16078e+07,-1.04642e+07,845,27.574,233,612,1353.37,49818.9,-17098.4,2.91366,4,16,25.2876,11.7042,-785600,1.10929,188.216,0
45,170,1.1946e+06,1.16054e+07,-1.04108e+07,841,27.7051,233,608,1420.45,49808.6,-17123,2.90887,4,16,25.3348,11.7401,-787000,1.11475,196.61,0
45,175,1.1996e+06,1.16122e+07,-1.04126e+07,837,27.8375,233,604,1433.21,49837.8,-17239.4,2.89092,4,16,25.5021,11.5497,-820000,1.11521,197.433,0
45,180,1.3324e+06,1.16418e+07,-1.03094e+07,832,27.8846,232,600,1601.44,50180.2,-17182.3,2.92045,4,16,25.6552,11.575,-786000,1.12924,219.289,0
45,185,1.2846e+06,1.15586e+07,-1.0274e+07,829,27.8649,231,598,1549.58,50037.2,-17180.6,2.91243,4,16,25.697,11.6472,-779000,1.12503,209.56,0
45,190,1.241e+06,1.1551e+07,-1.031e+07,828,27.8986,231,597,1498.79,50004.3,-17269.7,2.8955,4,16,25.6407,11.5863,-779000,1.12037,202.447,0
45,195,1.3318e+06,1.15846e+07,-1.02528e+07,825,28.1212,232,593,1614.3,49933.6,-17289.7,2.88805,4,16,25.5991,11.5936,-779000,1.1299,217.259,0
45,200,1.1762e+06,1.14204e+07,-1.02442e+07,823,27.9465,230,593,1429.16,49653.9,-17275.2,2.87429,4,16,25.3478,11.6914,-779000,1.11482,190.88,0
50,105,1.1938e+06,1.24934e+07,-1.12996e+07,905,26.9613,244,661,1319.12,51202.5,-17094.7,2.99522,4,13,25.377,11.5461,-636800,1.10565,206.611,0
50,110,1.0492e+06,1.23476e+07,-1.12984e+07,901,26.859,242,659,1164.48,51023.1,-17144.8,2.97602,4,17,25.3719,11.4507,-734400,1.09286,153.123,0
50,115,1.0508e+06,1.21692e+07,-1.11184e+07,889,26.9966,240,649,1182,50705,-17131.6,2.95974,4,17,25.3792,11.47,-686400,1.09451,162.16,0
50,120,947400,1.20208e+07,-1.10734e+07,883,26.9536,238,645,1072.93,50507.6,-17168.1,2.94195,4,17,25.4202,11.3721,-686400,1.08556,146.204,0
50,125,980000,1.19836e+07,-1.10036e+07,880,26.9318,237,643,1113.64,50563.7,-17112.9,2.95471,4,17,25.2574,11.3608,-686400,1.08906,151.235,0
50,130,997800,1.19004e+07,-1.09026e+07,872,27.0642,236,636,1144.27,50425.4,-17142.5,2.94155,4,17,25.2246,11.3742,-701800,1.09152,153.981,0
50,135,937800,1.17584e+07,-1.08206e+07,862,27.1462,234,628,1087.94,50249.6,-17230.3,2.91636,4,17,25.4188,11.3997,-716000,1.08667,143.658,0
50,140,1.0206e+06,1.17592e+07,-1.07386e+07,857,27.1879,233,624,1190.9,50468.7,-17209.3,2.93264,4,17,25.2833,11.4551,-703400,1.09504,153.474,0
50,145,953600,1.16402e+07,-1.06866e+07,855,27.0175,231,624,1115.32,50390.5,-17126,2.94234,4,17,25.1688,11.4679,-702200,1.08923,143.658,0
50,150,810400,1.1436e+07,-1.06256e+07,851,26.9095,229,622,952.291,49938.9,-17083,2.92331,4,17,25.1659,11.4695,-808000,1.07627,123.424,0
50,155,927800,1.1436e+07,-1.05082e+07,845,27.1006,229,616,1097.99,49938.9,-17058.8,2.92746,4,16,25.1659,11.4107,-782400,1.08829,152.699,0
50,160,1.0056e+06,1.1436e+07,-1.04304e+07,840,27.2619,229,611,1197.14,49938.9,-17071,2.92536,4,16,25.1659,11.4615,-782400,1.09641,165.504,0
50,165,1.1544e+06,1.14454e+07,-1.0291e+07,832,27.524,229,603,1387.5,49979.9,-17066.3,2.92857,4,16,25.2096,11.5075,-716600,1.11218,189.993,0
50,170,1.2054e+06,1.1443e+07,-1.02376e+07,828,27.657,229,599,1455.8,49969.4,-17091.2,2.9237,4,16,25.2576,11.5426,-718000,1.11774,198.387,0
50,175,1.2104e+06,1.14498e+07,-1.02394e+07,824,27.7913,229,595,1468.93,49999.1,-17209.1,2.90539,4,16,25.4279,11.3479,-751000,1.11821,199.21,0
50,180,1.3432e+06,1.14794e+07,-1.01362e+07,819,27.8388,228,591,1640.05,50348.2,-17150.9,2.9356,4,16,25.5833,11.3723,-717000,1.13252,221.066,0
50,185,1.2828e+06,1.13962e+07,-1.01134e+07,816,27.8186,227,589,1572.06,50203.5,-17170.5,2.92383,4,16,25.6256,11.4465,-711800,1.12684,209.266,0
50,190,1.2518e+06,1.13886e+07,-1.01368e+07,815,27.8528,227,588,1535.95,50170,-17239.5,2.91019,4,16,25.5683,11.3827,-711800,1.12349,204.209,0
50,195,1.3426e+06,1.14222e+07,-1.00796e+07,812,28.0788,228,584,1653.45,50097.4,-17259.6,2.90258,4,16,25.5263,11.3887,-711800,1.1332,219.021,0
50,200,1.187e+06,1.1258e+07,-1.0071e+07,810,27.9012,226,584,1465.43,49814.2,-17244.9,2.88864,4,16,25.2699,11.488,-711800,1.11786,192.632,0
55,105,1.0322e+06,1.21428e+07,-1.11106e+07,889,26.6592,237,652,1161.08,51235.4,-17040.8,3.00663,3,13,25.5232,11.1503,-676800,1.0929,162.654,0
55,110,918800,1.1997e+07,-1.10782e+07,885,26.5537,235,650,1038.19,51051.1,-17043.4,2.99536,3,16,25.5191,11.0431,-745200,1.08294,132.354,0
55,115,908000,1.18164e+07,-1.09084e+07,873,26.575,232,641,1040.09,50932.8,-17017.8,2.99291,3,16,25.4095,11.1217,-678400,1.08324,144.724,0
55,120,804600,1.1668e+07,-1.08634e+07,867,26.5283,230,637,928.028,50730.4,-17054,2.97469,3,16,25.4522,11.0204,-681600,1.07407,127.593,0
55,125,837200,1.16308e+07,-1.07936e+07,864,26.5046,229,635,968.981,50789.5,-16997.8,2.98801,3,16,25.2838,11.0079,-664400,1.07756,133.738,0
55,130,855000,1.15476e+07,-1.06926e+07,856,26.6355,228,628,998.832,50647.4,-17026.4,2.97463,3,16,25.25,11.0175,-712600,1.07996,131.055,0
55,135,796000,1.14066e+07,-1.06106e+07,846,26.7139,226,620,940.898,50471.7,-17113.9,2.94917,3,16,25.4513,11.0387,-726800,1.07502,119.52,0
55,140,887600,1.14086e+07,-1.0521e+07,841,26.8728,226,615,1055.41,50480.5,-17107.3,2.95082,3,16,25.4336,11.0244,-685600,1.08436,134.976,0
55,145,823200,1.12896e+07,-1.04664e+07,839,26.6985,224,615,981.168,50400,-17018.5,2.96148,3,16,25.317,11.0374,-680200,1.07865,128.264,0
55,150,680000,1.10854e+07,-1.04054e+07,835,26.5868,222,613,814.371,49934.2,-16974.6,2.94171,3,16,25.3153,11.0375,-818800,1.06535,102.502,0
55,155,797400,1.10854e+07,-1.0288e+07,829,26.7793,222,607,961.882,49934.2,-16948.9,2.94616,3,15,25.3153,10.9736,-793200,1.07751,125.024,0
55,160,875200,1.10854e+07,-1.02102e+07,824,26.9417,222,602,1062.14,49934.2,-16960.5,2.94415,3,15,25.3153,11.0216,-793200,1.08572,137.222,0
55,165,1.024e+06,1.10948e+07,-1.00708e+07,816,27.2059,222,594,1254.9,49976.6,-16954.2,2.94774,3,15,25.3604,11.0623,-727400,1.10168,174.863,0
55,170,1.075e+06,1.10924e+07,-1.00174e+07,812,27.3399,222,590,1323.89,49965.8,-16978.6,2.94286,3,15,25.4099,11.0949,-728800,1.10731,183.572,0
55,175,1.08e+06,1.10992e+07,-1.00192e+07,808,27.4752,222,586,1336.63,49996.4,-17097.6,2.92417,3,15,25.5856,10.8942,-761800,1.10779,178.1,0
55,180,1.2128e+06,1.11288e+07,-9.916e+06,803,27.5218,221,582,1510.34,50356.6,-17037.8,2.95558,3,15,25.7466,10.9158,-727800,1.12231,207.104,0
55,185,1.1524e+06,1.10456e+07,-9.8932e+06,800,27.5,220,580,1440.5,50207.3,-17057.2,2.94346,3,15,25.7909,10.9897,-720600,1.11648,194.992,0
55,190,1.1214e+06,1.1038e+07,-9.9166e+06,799,27.5344,220,579,1403.5,50172.7,-17127.1,2.92943,3,15,25.7318,10.924,-720600,1.11308,189.746,0
55,195,1.2122e+06,1.10716e+07,-9.8594e+06,796,27.7638,221,575,1522.86,50097.7,-17146.8,2.9217,3,15,25.6878,10.927,-720600,1.12295,205.11,0
55,200,1.0566e+06,1.09074e+07,-9.8508e+06,794,27.5819,219,575,1330.73,49805.5,-17131.8,2.90719,3,15,25.4247,11.0278,-720600,1.10726,177.819,0
60,105,258800,1.1561e+07,-1.13022e+07,858,26.3403,226,632,301.632,51154.9,-17883.2,2.86049,4,13,25.8186,11.019,-1.2826e+06,1.0229,22.0744,0
60,110,149000,1.14152e+07,-1.12662e+07,854,26.2295,224,630,174.473,50960.7,-17882.9,2.8497,4,16,25.817,10.9079,-1.3622e+06,1.01323,11.901,0
60,115,141600,1.12346e+07,-1.1093e+07,842,26.247,221,621,168.171,50835.3,-17863.1,2.84582,5,16,25.7059,10.9871,-1.2954e+06,1.01276,11.9474,0
60,120,44800,1.10862e+07,-1.10414e+07,836,26.1962,219,617,53.5885,50621.9,-17895.3,2.82878,5,16,25.7534,10.8817,-1.2986e+06,1.00406,3.76977,0
60,125,77400,1.1049e+07,-1.09716e+07,833,26.1705,218,615,92.9172,50683.5,-17840,2.841,5,16,25.578,10.8683,-1.2732e+06,1.00705,6.6552,0
60,130,78400,1.09658e+07,-1.08874e+07,825,26.303,217,608,95.0303,50533.6,-17906.9,2.82202,5,16,25.5438,10.8766,-1.3464e+06,1.0072,6.34202,0
60,135,19400,1.08248e+07,-1.08054e+07,815,26.3804,215,600,23.8037,50347.9,-18009,2.79571,5,16,25.7581,10.8967,-1.3606e+06,1.0018,1.5515,0
60,140,111800,1.08268e+07,-1.0715e+07,810,26.5432,215,595,138.025,50357.2,-18008.4,2.79632,5,16,25.7395,10.8807,-1.3066e+06,1.01043,9.28571,0
60,145,50600,1.07078e+07,-1.06572e+07,808,26.3614,213,595,62.6238,50271.4,-17911.3,2.80669,5,16,25.6197,10.8941,-1.2806e+06,1.00475,4.2976,0
60,150,-86800,1.05036e+07,-1.05904e+07,804,26.2438,211,593,-107.96,49780.1,-17859,2.78739,5,16,25.6209,10.8938,-1.4428e+06,0.991804,-6.55589,0
60,155,37600,1.05036e+07,-1.0466e+07,798,26.4411,211,587,47.1178,49780.1,-17829.6,2.79199,5,15,25.6209,10.8262,-1.4102e+06,1.00359,2.91157,0
60,160,115400,1.05036e+07,-1.03882e+07,793,26.6078,211,582,145.523,49780.1,-17849.1,2.78894,5,15,25.6209,10.8746,-1.4102e+06,1.01111,8.93604,0
60,165,264200,1.0513e+07,-1.02488e+07,785,26.879,211,574,336.561,49824.6,-17855.1,2.79051,5,15,25.6682,10.9146,-1.3444e+06,1.02578,21.4937,0
60,170,315200,1.05106e+07,-1.01954e+07,781,27.0166,211,570,403.585,49813.3,-17886.7,2.78494,5,15,25.7204,10.9474,-1.3458e+06,1.03092,25.6135,0
60,175,326000,1.05174e+07,-1.01914e+07,777,27.1557,211,566,419.562,49845.5,-18006,2.76827,5,15,25.9052,10.7385,-1.373e+06,1.03199,25.9183,0
60,180,458800,1.0547e+07,-1.00882e+07,772,27.2021,210,562,594.301,50223.8,-17950.5,2.7979,5,15,26.0762,10.7598,-1.339e+06,1.04548,37.4898,0
60,185,398400,1.04638e+07,-1.00654e+07,769,27.1782,209,560,518.075,50066,-17973.9,2.78548,5,15,26.1244,10.8357,-1.318e+06,1.03958,33.1227,0
60,190,367400,1.04562e+07,-1.00888e+07,768,27.2135,209,559,478.385,50029.7,-18047.9,2.77204,5,15,26.0622,10.7674,-1.318e+06,1.03642,30.5454,0
60,195,458200,1.04898e+07,-1.00316e+07,765,27.451,210,555,598.954,49951.4,-18075,2.76357,5,15,26.0143,10.7694,-1.318e+06,1.04568,38.0944,0
60,200,302600,1.03256e+07,-1.0023e+07,763,27.2608,208,555,396.592,49642.3,-18059.5,2.74883,5,15,25.7404,10.8739,-1.3212e+06,1.03019,25.0912,0
65,105,356200,1.12818e+07,-1.09256e+07,840,26.4286,222,618,424.048,50818.9,-17679,2.87454,4,13,25.6847,11.0939,-1.2782e+06,1.0326,30.4966,0
65,110,246400,1.1136e+07,-1.08896e+07,836,26.3158,220,616,294.737,50618.2,-17677.9,2.86336,4,17,25.6818,10.9805,-1.3578e+06,1.02263,19.7499,0
65,115,239000,1.09554e+07,-1.07164e+07,824,26.335,217,607,290.049,50485.7,-17654.7,2.85962,5,17,25.5668,11.0626,-1.291e+06,1.0223,20.2405,0
65,120,142200,1.0807e+07,-1.06648e+07,818,26.2836,215,603,173.839,50265.1,-17686.2,2.84205,5,17,25.614,10.9552,-1.2942e+06,1.01333,12.0101,0
65,125,174800,1.07698e+07,-1.0595e+07,815,26.2577,214,601,214.479,50326.2,-17629,2.85475,5,17,25.4346,10.9418,-1.2688e+06,1.0165,15.0872,0
65,130,175800,1.06866e+07,-1.05108e+07,807,26.3941,213,594,217.844,50171.8,-17694.9,2.83538,5,17,25.3991,10.9512,-1.342e+06,1.01673,14.2718,0
65,135,116800,1.05456e+07,-1.04288e+07,797,26.4743,211,586,146.55,49979.1,-17796.6,2.80836,5,17,25.6161,10.9727,-1.3562e+06,1.0112,9.374,0
65,140,209200,1.05476e+07,-1.03384e+07,792,26.6414,211,581,264.141,49988.6,-17794.1,2.80927,5,17,25.5972,10.957,-1.3022e+06,1.02024,17.5503,0
65,145,148000,1.04286e+07,-1.02806e+07,790,26.4557,209,581,187.342,49897.6,-17694.7,2.81992,5,17,25.4737,10.9707,-1.2762e+06,1.0144,12.6995,0
65,150,10600,1.02244e+07,-1.02138e+07,786,26.3359,207,579,13.486,49393.2,-17640.4,2.8,5,17,25.4734,10.9706,-1.4384e+06,1.00104,0.803274,0
65,155,135000,1.02244e+07,-1.00894e+07,780,26.5385,207,573,173.077,49393.2,-17608,2.80515,5,16,25.4734,10.9023,-1.4058e+06,1.01338,10.4895,0
65,160,212800,1.02244e+07,-1.00116e+07,775,26.7097,207,568,274.581,49393.2,-17626.1,2.80229,5,16,25.4734,10.9525,-1.4058e+06,1.02126,16.5346,0
65,165,361600,1.02338e+07,-9.8722e+06,767,26.9883,207,560,471.447,49438.6,-17628.9,2.8044,5,16,25.5217,10.9946,-1.34e+06,1.03663,29.5232,0
65,170,412600,1.02314e+07,-9.8188e+06,763,27.1298,207,556,540.76,49427.1,-17659.7,2.79886,5,16,25.5749,11.0288,-1.3414e+06,1.04202,33.6487,0
65,175,423400,1.02382e+07,-9.8148e+06,759,27.2727,207,552,557.839,49459.9,-17780.4,2.7817,5,16,25.7633,10.8152,-1.3686e+06,1.04314,33.7801,0
65,180,556200,1.02678e+07,-9.7116e+06,754,27.321,206,548,737.666,49843.7,-17721.9,2.81255,5,16,25.9369,10.8376,-1.3346e+06,1.05727,45.6126,0
65,185,495800,1.01846e+07,-9.6888e+06,751,27.2969,205,546,660.186,49681,-17745.1,2.79971,5,16,25.9854,10.9158,-1.3136e+06,1.05117,41.3718,0
65,190,464800,1.0177e+07,-9.7122e+06,750,27.3333,205,545,619.733,49643.9,-17820.6,2.78577,5,16,25.922,10.8459,-1.3136e+06,1.04786,38.785,0
65,195,555600,1.02106e+07,-9.655e+06,747,27.577,206,541,743.775,49566,-17846.6,2.77734,5,16,25.8738,10.8484,-1.3136e+06,1.05755,46.3618,0
65,200,400000,1.00464e+07,-9.6464e+06,745,27.3826,204,541,536.913,49247.1,-17830.7,2.76193,5,16,25.5931,10.9556,-1.3168e+06,1.04147,33.2889,0
70,105,-75600,1.09596e+07,-1.10352e+07,838,25.6563,215,623,-90.2148,50974.9,-17713,2.87782,4,14,25.4,11.0449,-1.4006e+06,0.993149,-5.74905,0
70,110,-185400,1.08138e+07,-1.09992e+07,834,25.5396,213,621,-222.302,50769,-17712.1,2.86635,4,17,25.3944,10.9324,-1.4802e+06,0.983144,-13.2941,0
70,115,-192200,1.06332e+07,-1.08254e+07,822,25.5474,210,612,-233.82,50634.3,-17688.6,2.86254,5,17,25.2714,11.0049,-1.4134e+06,0.982245,-14.4751,0
70,120,-289000,1.04848e+07,-1.07738e+07,816,25.4902,208,608,-354.167,50407.7,-17720.1,2.84467,5,17,25.3173,10.898,-1.4166e+06,0.973176,-21.713,0
70,125,-256400,1.04476e+07,-1.0704e+07,813,25.4613,207,606,-315.375,50471.5,-17663.4,2.85741,5,17,25.1304,10.8845,-1.3912e+06,0.976046,-19.6385,0
70,130,-255400,1.03644e+07,-1.06198e+07,805,25.5901,206,599,-317.267,50312.6,-17729.2,2.83784,5,17,25.0922,10.8932,-1.4644e+06,0.975951,-18.5234,0
70,135,-314400,1.02234e+07,-1.05378e+07,795,25.6604,204,591,-395.472,50114.7,-17830.5,2.81062,5,17,25.3137,10.9137,-1.4786e+06,0.970165,-22.57,0
70,140,-222000,1.02254e+07,-1.04474e+07,790,25.8228,204,586,-281.013,50124.5,-17828.3,2.81151,5,17,25.2941,10.8976,-1.4246e+06,0.978751,-16.4323,0
70,145,-283200,1.01064e+07,-1.03896e+07,788,25.6345,202,586,-359.391,50031.7,-17729.7,2.82191,5,17,25.1634,10.9113,-1.3986e+06,0.972742,-21.3833,0
70,150,-420600,9.9022e+06,-1.03228e+07,784,25.5102,200,584,-536.48,49511,-17676,2.80103,5,17,25.16,10.911,-1.5608e+06,0.959255,-28.6786,0
70,155,-296200,9.9022e+06,-1.01984e+07,778,25.7069,200,578,-380.72,49511,-17644.3,2.80606,5,16,25.16,10.8426,-1.5282e+06,0.970956,-20.6555,0
70,160,-218400,9.9022e+06,-1.01206e+07,773,25.8732,200,573,-282.536,49511,-17662.5,2.80317,5,16,25.16,10.8918,-1.5282e+06,0.97842,-15.2301,0
70,165,-69600,9.9116e+06,-9.9812e+06,765,26.1438,200,565,-90.9804,49558,-17665.8,2.8053,5,16,25.21,10.9327,-1.4624e+06,0.993027,-5.07363,0
70,170,-18600,9.9092e+06,-9.9278e+06,761,26.2812,200,561,-24.4415,49546,-17696.6,2.79974,5,16,25.265,10.9661,-1.4638e+06,0.998126,-1.3545,0
70,175,-7800,9.916e+06,-9.9238e+06,757,26.4201,200,557,-10.3038,49580,-17816.5,2.78281,5,16,25.46,10.754,-1.491e+06,0.999214,-0.556984,0
70,180,125000,9.9456e+06,-9.8206e+06,752,26.4628,199,553,166.223,49977.9,-17758.8,2.81427,5,16,25.6382,10.7758,-1.457e+06,1.01273,9.14813,0
70,185,64600,9.8624e+06,-9.7978e+06,749,26.4352,198,551,86.2483,49810.1,-17781.9,2.80118,5,16,25.6869,10.853,-1.436e+06,1.00659,4.80155,0
70,190,33600,9.8548e+06,-9.8212e+06,748,26.4706,198,550,44.9198,49771.7,-17856.7,2.78728,5,16,25.6212,10.7836,-1.436e+06,1.00342,2.4974,0
70,195,124400,9.8884e+06,-9.764e+06,745,26.7114,199,546,166.98,49690.5,-17882.8,2.77868,5,16,25.5729,10.7857,-1.436e+06,1.01274,9.24632,0
70,200,-31200,9.7242e+06,-9.7554e+06,743,26.5141,197,546,-41.9919,49361.4,-17867,2.76271,5,16,25.2792,10.8919,-1.4392e+06,0.996802,-2.31351,0
75,105,437600,1.07772e+07,-1.03396e+07,818,25.6724,210,608,534.963,51320,-17005.9,3.01777,4,14,25.8476,11.2204,-896000,1.04232,53.998,0
75,110,327800,1.06314e+07,-1.03036e+07,814,25.5528,208,606,402.703,51112.5,-17002.6,3.00615,4,16,25.8462,11.1056,-975600,1.03181,36.8315,0
75,115,321400,1.04508e+07,-1.01294e+07,802,25.5611,205,597,400.748,50979.5,-16967.2,3.0046,5,16,25.7268,11.1809,-908800,1.03173,39.0428,0
75,120,224600,1.03024e+07,-1.00778e+07,796,25.5025,203,593,282.161,50750.7,-16994.6,2.98629,5,16,25.7783,11.0725,-912000,1.02229,27.1781,0
75,125,257200,1.02652e+07,-1.0008e+07,793,25.4729,202,591,324.338,50817.8,-16934,3.00093,5,16,25.5891,11.0592,-886600,1.0257,32.1099,0
75,130,258200,1.0182e+07,-9.9238e+06,785,25.6051,201,584,328.917,50656.7,-16992.8,2.98107,5,16,25.5522,11.0702,-959800,1.02602,29.5356,0
75,135,199200,1.0041e+07,-9.8418e+06,775,25.6774,199,576,257.032,50457.3,-17086.5,2.95306,5,16,25.7839,11.0938,-974000,1.02024,22.4223,0
75,140,291600,1.0043e+07,-9.7514e+06,770,25.8442,199,571,378.701,50467.3,-17077.8,2.95515,5,16,25.7638,11.0788,-920000,1.0299,34.322,0
75,145,230400,9.924e+06,-9.6936e+06,768,25.651,197,571,300,50375.6,-16976.5,2.96737,5,16,25.6345,11.0928,-894000,1.02377,27.9951,0
75,150,93000,9.7198e+06,-9.6268e+06,764,25.5236,195,569,121.728,49845.1,-16918.8,2.94614,5,16,25.6359,11.0931,-1.0562e+06,1.00966,9.66736,0
75,155,217400,9.7198e+06,-9.5024e+06,758,25.7256,195,563,286.807,49845.1,-16878.2,2.95323,5,15,25.6359,11.0249,-1.0236e+06,1.02288,23.3914,0
75,160,295200,9.7198e+06,-9.4246e+06,753,25.8964,195,558,392.032,49845.1,-16890,2.95117,5,15,25.6359,11.0771,-1.0236e+06,1.03132,31.7624,0
75,165,444000,9.7292e+06,-9.2852e+06,745,26.1745,195,550,595.973,49893.3,-16882.2,2.95538,5,15,25.6872,11.1218,-957800,1.04782,51.1993,0
75,170,495000,9.7268e+06,-9.2318e+06,741,26.3158,195,546,668.016,49881,-16908.1,2.95013,5,15,25.7436,11.1575,-959200,1.05362,56.9883,0
75,175,505800,9.7336e+06,-9.2278e+06,737,26.4586,195,542,686.296,49915.9,-17025.5,2.93184,5,15,25.9436,10.941,-986400,1.05481,56.4635,0
75,180,638600,9.7632e+06,-9.1246e+06,732,26.5027,194,538,872.404,50325.8,-16960.2,2.96728,5,15,26.1289,10.9647,-952400,1.06999,74.1007,0
75,185,578200,9.68e+06,-9.1018e+06,729,26.4746,193,536,793.141,50155.4,-16981,2.95363,5,15,26.1813,11.0448,-931400,1.06353,68.7678,0
75,190,547200,9.6724e+06,-9.1252e+06,728,26.511,193,535,751.648,50116.1,-17056.4,2.93825,5,15,26.114,10.9738,-931400,1.05997,65.0809,0
75,195,638000,9.706e+06,-9.068e+06,725,26.7586,194,531,880,50030.9,-17077.2,2.92969,5,15,26.0619,10.9774,-931400,1.07036,75.8801,0
75,200,482400,9.5418e+06,-9.0594e+06,723,26.556,192,531,667.22,49696.9,-17061,2.91289,5,15,25.7656,11.0866,-934600,1.05325,57.1564,0
80,105,583400,1.06688e+07,-1.00854e+07,803,25.7783,207,596,726.526,51540.1,-16921.8,3.04578,4,14,25.7585,11.1326,-806600,1.05785,80.9154,0
80,110,473600,1.0523e+07,-1.00494e+07,799,25.6571,205,594,592.741,51331.7,-16918.2,3.03411,4,16,25.7561,11.0152,-886200,1.04713,59.1556,0
80,115,467200,1.03424e+07,-9.8752e+06,787,25.6671,202,585,593.647,51200,-16880.7,3.03305,5,16,25.6337,11.0906,-819400,1.04731,63.6686,0
80,120,370400,1.0194e+07,-9.8236e+06,781,25.6082,200,581,474.264,50970,-16908.1,3.01453,5,16,25.685,10.9793,-822600,1.03771,50.2578,0
80,125,403000,1.01568e+07,-9.7538e+06,778,25.5784,199,579,517.995,51039.2,-16845.9,3.02976,5,16,25.4925,10.9655,-797200,1.04132,56.6329,0
80,130,404000,1.00736e+07,-9.6696e+06,770,25.7143,198,572,524.675,50876.8,-16904.9,3.00959,5,16,25.4545,10.9755,-870400,1.04178,51.4781,0
80,135,345000,9.9326e+06,-9.5876e+06,760,25.7895,196,564,453.947,50676.5,-16999.3,2.9811,5,16,25.6888,10.9982,-884600,1.03598,43.179,0
80,140,437400,9.9346e+06,-9.4972e+06,755,25.9603,196,559,579.338,50686.7,-16989.6,2.98339,5,16,25.6684,10.9821,-830600,1.04606,57.9184,0
80,145,376200,9.8156e+06,-9.4394e+06,753,25.7636,194,559,499.602,50595.9,-16886.2,2.99628,5,16,25.5361,10.9964,-804600,1.03985,51.6333,0
80,150,238800,9.6114e+06,-9.3726e+06,749,25.6342,192,557,318.825,50059.4,-16826.9,2.97496,5,16,25.5365,10.9964,-966800,1.02548,27.3665,0
80,155,363200,9.6114e+06,-9.2482e+06,743,25.8412,192,551,488.829,50059.4,-16784.4,2.9825,5,15,25.5365,10.9256,-934200,1.03927,43.2381,0
80,160,441000,9.6114e+06,-9.1704e+06,738,26.0163,192,546,597.561,50059.4,-16795.6,2.9805,5,15,25.5365,10.978,-934200,1.04809,52.5,0
80,165,589800,9.6208e+06,-9.031e+06,730,26.3014,192,538,807.945,50108.3,-16786.2,2.98508,5,15,25.5885,11.0223,-868400,1.06531,75.8293,0
80,170,640800,9.6184e+06,-8.9776e+06,726,26.4463,192,534,882.645,50095.8,-16812,2.97977,5,15,25.6458,11.0581,-869800,1.07138,82.2382,0
80,175,651600,9.6252e+06,-8.9736e+06,722,26.5928,192,530,902.493,50131.2,-16931.3,2.96086,5,15,25.849,10.8358,-897000,1.07261,80.8036,0
80,180,784400,9.6548e+06,-8.8704e+06,717,26.6388,191,526,1094,50548.7,-16863.9,2.99745,5,15,26.0366,10.8593,-863000,1.08843,101.554,0
80,185,724000,9.5716e+06,-8.8476e+06,714,26.6106,190,524,1014.01,50376.8,-16884.7,2.98357,5,15,26.0895,10.9408,-842000,1.08183,96.3535,0
80,190,693000,9.564e+06,-8.871e+06,713,26.648,190,523,971.95,50336.8,-16961.8,2.96767,5,15,26.0211,10.8681,-842000,1.07812,92.2278,0
80,195,783800,9.5976e+06,-8.8138e+06,710,26.9014,191,519,1103.94,50249.2,-16982.3,2.95892,5,15,25.9686,10.8709,-842000,1.08893,104.312,0
80,200,628200,9.4334e+06,-8.8052e+06,708,26.6949,189,519,887.288,49912.2,-16965.7,2.94195,5,15,25.6667,10.9827,-845200,1.07134,83.2494,0
85,105,650200,1.0606e+07,-9.9558e+06,796,25.7538,205,591,816.834,51736.6,-16845.7,3.07121,4,13,25.7756,11.1591,-731200,1.06531,100.713,0
85,110,540400,1.04602e+07,-9.9198e+06,792,25.6313,203,589,682.323,51528.1,-16841.8,3.05954,4,15,25.7734,11.0407,-810800,1.05448,74.5174,0
85,115,534000,1.02796e+07,-9.7456e+06,780,25.641,200,580,684.615,51398,-16802.8,3.0589,5,15,25.65,11.1172,-744000,1.05479,81.1057,0
85,120,437200,1.01312e+07,-9.694e+06,774,25.5814,198,576,564.858,51167.7,-16829.9,3.04029,5,15,25.702,11.0052,-747200,1.0451,66.0822,0
85,125,469800,1.0094e+07,-9.6242e+06,771,25.5512,197,574,609.339,51238.6,-16766.9,3.05594,5,15,25.5076,10.9913,-721800,1.04881,71.6595,0
85,130,470800,1.00108e+07,-9.54e+06,763,25.6881,196,567,617.038,51075.5,-16825.4,3.03562,5,15,25.4694,11.0018,-795000,1.04935,66.3659,0
85,135,411800,9.8698e+06,-9.458e+06,753,25.7636,194,559,546.879,50875.3,-16919.5,3.0069,5,15,25.7062,11.025,-809200,1.04354,56.9099,0
85,140,504200,9.8718e+06,-9.3676e+06,748,25.9358,194,554,674.064,50885.6,-16909,3.00937,5,15,25.6856,11.009,-755200,1.05382,74.9628,0
85,145,443000,9.7528e+06,-9.3098e+06,746,25.7373,192,554,593.834,50795.8,-16804.7,3.02272,5,15,25.5521,11.0235,-729200,1.04758,65.9815,0
85,150,305600,9.5486e+06,-9.243e+06,742,25.6065,190,552,411.86,50255.8,-16744.6,3.00132,5,15,25.5526,11.0236,-891400,1.03306,38.3342,0
85,155,430000,9.5486e+06,-9.1186e+06,736,25.8152,190,546,584.239,50255.8,-16700.7,3.0092,5,14,25.5526,10.9524,-858800,1.04716,56.2386,0
85,160,507800,9.5486e+06,-9.0408e+06,731,25.9918,190,541,694.665,50255.8,-16711.3,3.0073,5,14,25.5526,11.0055,-858800,1.05617,66.4138,0
85,165,656600,9.558e+06,-8.9014e+06,723,26.2794,190,533,908.16,50305.3,-16700.6,3.01219,5,14,25.6053,11.0507,-793000,1.07376,93.4795,0
85,170,707600,9.5556e+06,-8.848e+06,719,26.4256,190,529,984.145,50292.6,-16725.9,3.00687,5,14,25.6632,11.087,-794400,1.07997,100.54,0
85,175,718400,9.5624e+06,-8.844e+06,715,26.5734,190,525,1004.76,50328.4,-16845.7,2.98761,5,14,25.8684,10.8629,-821600,1.08123,98.2763,0
85,180,851200,9.592e+06,-8.7408e+06,710,26.6197,189,521,1198.87,50751.3,-16777,3.02506,5,14,26.0582,10.8868,-787600,1.09738,122.123,0
85,185,790800,9.5088e+06,-8.718e+06,707,26.5912,188,519,1118.53,50578.7,-16797.7,3.01105,5,14,26.1117,10.9692,-771600,1.09071,116.982,0
85,190,759800,9.5012e+06,-8.7414e+06,706,26.6289,188,518,1076.2,50538.3,-16875.3,2.99481,5,14,26.0426,10.8958,-771600,1.08692,112.396,0
85,195,850600,9.5348e+06,-8.6842e+06,703,26.8848,189,514,1209.96,50448.7,-16895.3,2.98595,5,14,25.9894,10.8988,-771600,1.09795,125.828,0
85,200,695000,9.3706e+06,-8.6756e+06,701,26.6762,187,514,991.441,50110.2,-16878.6,2.96886,5,14,25.6845,11.0117,-771600,1.08011,102.326,0
90,105,665400,1.05098e+07,-9.8444e+06,783,26.0536,204,579,849.808,51518.6,-17002.4,3.03008,4,13,25.8824,11.0604,-694200,1.06759,106.943,0
90,110,555600,1.0364e+07,-9.8084e+06,779,25.9307,202,577,713.222,51306.9,-16999,3.01824,4,15,25.8812,10.9393,-768800,1.05665,79.1679,0
90,115,549200,1.01834e+07,-9.6342e+06,767,25.9452,199,568,716.037,51172.9,-16961.6,3.01698,5,15,25.7588,11.0158,-702000,1.05701,84.8316,0
90,120,452400,1.0035e+07,-9.5826e+06,761,25.887,197,564,594.481,50939.1,-16990.4,2.99811,5,15,25.8122,10.9007,-705200,1.04721,69.8795,0
90,125,485000,9.9978e+06,-9.5128e+06,758,25.8575,196,562,639.842,51009.2,-16926.7,3.01354,5,15,25.6173,10.8861,-679800,1.05098,74.915,0
90,130,486000,9.9146e+06,-9.4286e+06,750,26,195,555,648,50844.1,-16988.5,2.99286,5,15,25.5795,10.8955,-753000,1.05155,70.8455,0
90,135,427000,9.7736e+06,-9.3466e+06,740,26.0811,193,547,577.027,50640.4,-17087,2.96368,5,15,25.8187,10.9177,-767200,1.04569,60.9826,0
90,140,519400,9.7756e+06,-9.2562e+06,735,26.2585,193,542,706.667,50650.8,-17077.9,2.96587,5,15,25.7979,10.9004,-713200,1.05611,78.1758,0
90,145,458200,9.6566e+06,-9.1984e+06,733,26.0573,191,542,625.102,50558.1,-16971.2,2.97905,5,15,25.6649,10.9151,-687200,1.04981,69.0893,0
90,150,320800,9.4524e+06,-9.1316e+06,729,25.9259,189,540,440.055,50012.7,-16910.4,2.95752,5,15,25.6667,10.9148,-849400,1.03513,42.4788,0
90,155,445200,9.4524e+06,-9.0072e+06,723,26.1411,189,534,615.768,50012.7,-16867.4,2.96505,5,14,25.6667,10.8408,-816800,1.04943,61.6108,0
90,160,523000,9.4524e+06,-8.9294e+06,718,26.3231,189,529,728.412,50012.7,-16879.8,2.96288,5,14,25.6667,10.8941,-816800,1.05857,72.3775,0
90,165,671800,9.4618e+06,-8.79e+06,710,26.6197,189,521,946.197,50062.4,-16871.4,2.9673,5,14,25.7196,10.9386,-751000,1.07643,101.726,0
90,170,722800,9.4594e+06,-8.7366e+06,706,26.7705,189,517,1023.8,50049.7,-16898.6,2.96176,5,14,25.7778,10.9749,-752400,1.08273,109.217,0
90,175,733600,9.4662e+06,-8.7326e+06,702,26.9231,189,513,1045.01,50085.7,-17022.6,2.9423,5,14,25.9841,10.7446,-779600,1.08401,106.473,0
90,180,866400,9.4958e+06,-8.6294e+06,697,26.9727,188,509,1243.04,50509.6,-16953.6,2.97928,5,14,26.1755,10.7682,-745600,1.1004,132.275,0
90,185,806000,9.4126e+06,-8.6066e+06,694,26.9452,187,507,1161.38,50334.8,-16975.5,2.96513,5,14,26.2299,10.8521,-738000,1.09365,126.253,0
90,190,775000,9.405e+06,-8.63e+06,693,26.9841,187,506,1118.33,50294.1,-17055.3,2.94888,5,14,26.1604,10.7767,-738000,1.0898,121.397,0
90,195,865800,9.4386e+06,-8.5728e+06,690,27.2464,188,502,1254.78,50205.3,-17077.3,2.93989,5,14,26.1064,10.7789,-738000,1.10099,135.62,0
90,200,710200,9.2744e+06,-8.5642e+06,688,27.0349,186,502,1032.27,49862.4,-17060.2,2.92274,5,14,25.8011,10.8944,-738000,1.08293,111.247,0
95,105,709400,1.03402e+07,-9.6308e+06,765,26.1438,200,565,927.32,51701,-17045.7,3.03309,4,12,25.94,11.3788,-676400,1.07366,117.645,0
95,110,599600,1.01944e+07,-9.5948e+06,761,26.0184,198,563,787.911,51486.9,-17042.3,3.02113,4,14,25.9394,11.2558,-707400,1.06249,90.9036,0
95,115,593200,1.00138e+07,-9.4206e+06,749,26.0347,195,554,791.989,51352.8,-17004.7,3.01992,5,14,25.8154,11.3394,-670200,1.06297,95.3085,0
95,120,496400,9.8654e+06,-9.369e+06,743,25.9758,193,550,668.102,51116.1,-17034.5,3.00073,5,14,25.8705,11.2236,-670200,1.05298,79.7558,0
95,125,529000,9.8282e+06,-9.2992e+06,740,25.9459,192,548,714.865,51188.5,-16969.3,3.01653,5,14,25.6719,11.2099,-670200,1.05689,84.9936,0
95,130,530000,9.745e+06,-9.215e+06,732,26.0929,191,541,724.044,51020.9,-17033.3,2.99537,5,14,25.6335,11.2237,-670200,1.05751,85.1542,0
95,135,471000,9.604e+06,-9.133e+06,722,26.1773,189,533,652.355,50814.8,-17135.1,2.96554,5,14,25.8783,11.2514,-675000,1.05157,75.0957,0
95,140,563400,9.606e+06,-9.0426e+06,717,26.3598,189,528,785.774,50825.4,-17126.1,2.96771,5,14,25.8571,11.2367,-687200,1.06231,88.1139,0
95,145,502200,9.487e+06,-8.9848e+06,715,26.1538,187,528,702.378,50732.6,-17016.7,2.98135,5,14,25.7219,11.2519,-686000,1.05589,78.6901,0
95,150,364800,9.2828e+06,-8.918e+06,711,26.0197,185,526,513.08,50177.3,-16954.4,2.95955,5,14,25.7243,11.2529,-738800,1.04091,57.7947,0
95,155,489200,9.2828e+06,-8.7936e+06,705,26.2411,185,520,693.901,50177.3,-16910.8,2.96718,5,13,25.7243,11.1808,-729400,1.05563,77.5523,0
95,160,567000,9.2828e+06,-8.7158e+06,700,26.4286,185,515,810,50177.3,-16923.9,2.96488,5,13,25.7243,11.2388,-729400,1.06505,89.8859,0
95,165,715800,9.2922e+06,-8.5764e+06,692,26.7341,185,507,1034.39,50228.1,-16916,2.96927,5,13,25.7784,11.2899,-693800,1.08346,119.94,0
95,170,766800,9.2898e+06,-8.523e+06,688,26.8895,185,503,1114.53,50215.1,-16944.3,2.96354,5,13,25.8378,11.33,-695800,1.08997,128.185,0
95,175,777600,9.2966e+06,-8.519e+06,684,27.0468,185,499,1136.84,50251.9,-17072.1,2.9435,5,13,26.0486,11.0962,-720200,1.09128,125.298,0
95,180,910400,9.3262e+06,-8.4158e+06,679,27.0987,184,495,1340.8,50685.9,-17001.6,2.98124,5,13,26.2446,11.1232,-720200,1.10818,146.697,0
95,185,850000,9.243e+06,-8.393e+06,676,27.071,183,493,1257.4,50508.2,-17024.3,2.96682,5,13,26.3005,11.211,-720200,1.10127,136.964,0
95,190,819000,9.2354e+06,-8.4164e+06,675,27.1111,183,492,1213.33,50466.7,-17106.5,2.95014,5,13,26.2295,11.1341,-720200,1.09731,131.969,0
95,195,909800,9.269e+06,-8.3592e+06,672,27.381,184,488,1353.87,50375,-17129.5,2.94083,5,13,26.1739,11.1393,-720200,1.10884,146.6,0
95,200,754200,9.1048e+06,-8.3506e+06,670,27.1642,182,488,1125.67,50026.4,-17111.9,2.92349,5,13,25.8626,11.2582,-720200,1.09032,121.528,0
100,105,712000,1.02104e+07,-9.4984e+06,753,26.2948,198,555,945.551,51567.7,-17114.2,3.01315,4,12,25.8939,11.3658,-759200,1.07496,115.435,0
100,110,602200,1.00646e+07,-9.4624e+06,749,26.1682,196,553,804.005,51350,-17111,3.00099,4,14,25.8929,11.2405,-729400,1.06364,91.2978,0
100,115,595800,9.884e+06,-9.2882e+06,737,26.1872,193,544,808.412,51212.4,-17073.9,2.99946,5,14,25.7668,11.3254,-729400,1.06415,95.7262,0
100,120,499000,9.7356e+06,-9.2366e+06,731,26.1286,191,540,682.627,50971.7,-17104.8,2.97996,5,14,25.822,11.2074,-733200,1.05402,80.1735,0
100,125,531600,9.6984e+06,-9.1668e+06,728,26.0989,190,538,730.22,51044.2,-17038.7,2.99579,5,14,25.6211,11.1933,-722600,1.05799,85.4113,0
100,130,532600,9.6152e+06,-9.0826e+06,720,26.25,189,531,739.722,50874.1,-17104.7,2.97427,5,14,25.582,11.2072,-729600,1.05864,85.572,0
100,135,473600,9.4742e+06,-9.0006e+06,710,26.338,187,523,667.042,50664.2,-17209.6,2.94396,5,14,25.8289,11.2352,-683400,1.05262,75.5102,0
100,140,566000,9.4762e+06,-8.9102e+06,705,26.5248,187,518,802.837,50674.9,-17201.2,2.94601,5,14,25.8075,11.2201,-691000,1.06352,88.5205,0
100,145,504800,9.3572e+06,-8.8524e+06,703,26.3158,185,518,718.065,50579.5,-17089.6,2.95967,5,14,25.6703,11.2355,-689800,1.05702,79.0975,0
100,150,367400,9.153e+06,-8.7856e+06,699,26.1803,183,516,525.608,50016.4,-17026.4,2.93759,5,14,25.6721,11.2364,-811000,1.04182,56.0745,0
100,155,491800,9.153e+06,-8.6612e+06,693,26.4069,183,510,709.668,50016.4,-16982.7,2.94513,5,13,25.6721,11.1627,-812200,1.05678,74.9238,0
100,160,569600,9.153e+06,-8.5834e+06,688,26.5988,183,505,827.907,50016.4,-16996.8,2.94269,5,13,25.6721,11.2218,-812200,1.06636,86.7764,0
100,165,718400,9.1624e+06,-8.444e+06,680,26.9118,183,497,1056.47,50067.8,-16989.9,2.94691,5,13,25.7268,11.2736,-776600,1.08508,116.096,0
100,170,769400,9.16e+06,-8.3906e+06,676,27.071,183,493,1138.17,50054.6,-17019.5,2.94102,5,13,25.7869,11.3144,-778600,1.0917,124.057,0
100,175,780200,9.1668e+06,-8.3866e+06,672,27.2321,183,489,1161.01,50091.8,-17150.5,2.92072,5,13,26,11.0757,-803000,1.09303,119.663,0
100,180,913000,9.1964e+06,-8.2834e+06,667,27.2864,182,485,1368.82,50529.7,-17079.2,2.95855,5,13,26.1978,11.1031,-803000,1.11022,140.031,0
100,185,852600,9.1132e+06,-8.2606e+06,664,27.259,181,483,1284.04,50349.2,-17102.7,2.94393,5,13,26.2541,11.1925,-803000,1.10321,130.767,0
100,190,821600,9.1056e+06,-8.284e+06,663,27.3002,181,482,1239.22,50307.2,-17186.7,2.9271,5,13,26.1823,11.1141,-803000,1.09918,126.012,0
100,195,912400,9.1392e+06,-8.2268e+06,660,27.5758,182,478,1382.42,50215.4,-17210.9,2.91765,5,13,26.1264,11.1192,-803000,1.11091,139.939,0
100,200,756800,8.975e+06,-8.2182e+06,658,27.3556,180,478,1150.15,49861.1,-17192.9,2.9001,5,13,25.8111,11.2406,-803000,1.09209,116.074,0
